TimeStamp,Delta_TP9,Delta_AF7,Delta_AF8,Delta_TP10,Theta_TP9,Theta_AF7,Theta_AF8,Theta_TP10,Alpha_TP9,Alpha_AF7,Alpha_AF8,Alpha_TP10,Beta_TP9,Beta_AF7,Beta_AF8,Beta_TP10,Gamma_TP9,Gamma_AF7,Gamma_AF8,Gamma_TP10,RAW_TP9,RAW_AF7,RAW_AF8,RAW_TP10,AUX_RIGHT,Accelerometer_X,Accelerometer_Y,Accelerometer_Z,Gyro_X,Gyro_Y,Gyro_Z,HeadBandOn,HSI_TP9,HSI_AF7,HSI_AF8,HSI_TP10,Battery,Elements
2020-10-31 19:49:28.919,1.3055178,0.39608037,0.3296576,1.0627152,0.935159,-0.028486546,-0.0014526658,0.7646679,0.72850627,-0.09452904,0.19617352,1.0427368,0.6147644,-0.29419446,-0.5096442,0.53610116,0.28819796,-0.52571815,-0.6526853,0.4107169,819.9634,886.4469,846.1539,876.3736,855.0183,0.16131591796875,0.13433837890625,0.9765625,-2.130889892578125,2.4822998046875,1.218719482421875,1,1.0,1.0,1.0,1.0,85.19
2020-10-31 19:49:29.924,0.90514123,0.06762482,0.19116932,0.36440423,0.39926964,-0.24861768,-0.022706503,0.3194097,0.21284226,-0.07412995,-0.45223552,0.47283775,0.3353582,-0.12172304,-0.64594704,0.37608874,-0.03722897,-0.32674712,-0.86231387,0.23222134,821.1722,879.19415,847.76556,859.0476,937.2161,0.12823486328125,0.1068115234375,0.98846435546875,-2.205657958984375,2.82623291015625,4.089813232421875,1,1.0,1.0,1.0,1.0,85.19
2020-10-31 19:49:30.903,,,,,,,,,,,,,,,,,,,,,,,,,,,,,,,,,,,,,,/muse/elements/blink
2020-10-31 19:49:30.930,0.86611223,0.48010987,0.27204406,0.40952343,0.630061,-0.0093460055,0.13082379,0.51297253,0.49615768,0.07199704,-0.16901986,0.58861953,0.45944247,-0.02425022,-0.5816808,0.6530556,0.029790446,-0.1569518,-0.8789271,0.45055026,797.3993,876.3736,852.6007,843.3333,946.8865,0.08984375,0.12176513671875,0.9896240234375,-2.73651123046875,5.5926513671875,-0.52337646484375,1,1.0,1.0,1.0,1.0,85.19
2020-10-31 19:49:31.938,0.9196572,0.5299901,0.45629412,0.49654216,0.76294714,0.30797988,0.3368376,0.6512172,0.49615768,0.25203532,-0.032746162,0.435457,0.5173965,-0.10107242,-0.39880103,0.67236304,0.11594512,-0.4288507,-0.72099763,0.40462297,838.0952,872.74725,850.18317,858.24176,681.75824,0.05169677734375,0.1148681640625,0.992919921875,-1.906585693359375,1.607513427734375,3.828125,1,1.0,1.0,1.0,1.0,85.19
2020-10-31 19:49:32.957,0.9196572,0.4883291,0.63795125,0.49654216,0.76294714,0.31958434,0.34453148,0.6512172,0.49615768,0.19201791,0.47318056,0.435457,0.5173965,-0.25411,-0.52598286,0.67236304,0.11594512,-0.39076194,-0.7181367,0.40462297,844.94507,879.59705,846.55676,861.06226,776.8498,0.06365966796875,0.113037109375,0.98748779296875,-2.34771728515625,2.175750732421875,3.15521240234375,1,1.0,1.0,1.0,1.0,85.19
2020-10-31 19:49:33.964,0.84548944,0.5016251,0.8422385,0.62667483,0.43977404,0.16880769,0.44176534,0.41351423,0.36020324,0.28924164,0.47215077,0.5551613,0.57980293,-0.049858995,-0.53113776,0.49294835,0.08055577,-0.26419964,-0.75389534,0.20775999,845.7509,858.6447,842.52747,843.3333,688.60803,0.0794677734375,0.11761474609375,0.9906005859375,-1.39068603515625,1.622467041015625,0.40374755859375,1,1.0,1.0,1.0,1.0,85.16
2020-10-31 19:49:34.802,,,,,,,,,,,,,,,,,,,,,,,,,,,,,,,,,,,,,,/muse/elements/blink
2020-10-31 19:49:34.968,0.78008115,0.5449065,0.34668404,0.53729093,0.32645118,-0.12487028,-0.31727982,0.34373426,0.43570715,0.26301175,0.1256672,0.62615097,0.34815785,-0.08247943,-0.44837746,0.4105866,-0.047885448,-0.37555277,-0.85696054,0.03452958,866.7033,876.3736,853.8095,863.47986,736.9597,0.054443359375,0.1185302734375,0.989013671875,-2.504730224609375,2.489776611328125,1.07666015625,1,1.0,1.0,1.0,1.0,85.16
2020-10-31 19:49:35.978,0.5863807,0.8818163,0.38090074,0.36140996,0.12791118,0.3632481,-0.3870607,0.13839334,0.11292208,0.34545895,0.0650689,0.39847606,0.033702523,-0.081055835,-0.41811714,0.26898316,-0.113362245,-0.39232904,-1.0615402,-0.18778421,857.8388,869.12085,841.7216,866.30035,931.5751,0.05010986328125,0.11920166015625,0.99383544921875,-2.10845947265625,2.639312744140625,1.383209228515625,1,1.0,1.0,1.0,1.0,85.16
2020-10-31 19:49:37.007,0.6037092,0.5508091,0.40526754,0.5331429,0.5320868,0.15940933,-0.047245186,0.28360435,0.5798752,0.26744336,-0.067609996,0.85832345,0.1898668,-0.14280054,-0.7286429,0.082458995,-0.11393752,-0.41622373,-1.1000628,-0.21115829,848.1685,844.94507,846.55676,836.8865,703.5165,0.0439453125,0.121826171875,0.99334716796875,-1.682281494140625,1.981353759765625,1.921539306640625,1,1.0,1.0,1.0,1.0,85.16
2020-10-31 19:49:38.025,0.2514942,-0.058344763,-0.049607486,-0.2189067,0.23210295,0.052982662,-0.21802984,-0.11654629,0.558869,0.2399025,-0.16875067,0.8454389,0.0816557,-0.2900591,-0.633604,0.024983918,-0.11651813,-0.37664434,-0.9598968,-0.10704046,847.3626,853.8095,847.3626,847.76556,697.8755,0.05535888671875,0.12261962890625,0.98809814453125,-2.49725341796875,1.487884521484375,1.951446533203125,1,1.0,1.0,1.0,1.0,85.16
2020-10-31 19:49:39.033,0.6776673,0.15663339,0.23682408,0.349515,0.072659515,-0.1379899,-0.3350948,0.26938766,0.20585701,-0.09905096,0.02087107,1.1671251,0.026900494,-0.23350106,-0.7485293,-0.0042082663,-0.20827644,-0.47106817,-1.0581872,-0.17628609,851.79486,848.5714,842.9304,841.31866,762.3443,0.0556640625,0.12432861328125,0.98944091796875,-2.392578125,2.175750732421875,1.07666015625,1,1.0,1.0,1.0,1.0,85.16
2020-10-31 19:49:40.041,0.7219185,0.29712284,0.35000724,0.5106953,0.18853322,0.026586547,-0.03131617,0.5505412,0.7878091,0.028239548,0.11139945,1.2168999,0.11087385,-0.29033974,-0.77214104,0.19121175,-0.21780187,-0.4326896,-1.04949,-0.39559346,849.3773,877.1795,844.5421,860.65936,990.0,0.05291748046875,0.12335205078125,0.98907470703125,-2.130889892578125,2.519683837890625,1.60003662109375,1,1.0,1.0,1.0,1.0,85.16
2020-10-31 19:49:41.046,0.31907305,0.27562618,0.049830254,0.17659688,0.123680614,0.06331526,-0.047750138,0.4086121,0.8882594,-0.21833266,-0.30825624,1.2085972,0.071292266,-0.332778,-0.6182081,0.07615027,-0.438411,-0.5094885,-1.0294795,-0.5393536,856.63007,857.8388,855.42126,854.61536,789.34064,0.0618896484375,0.1417236328125,0.99395751953125,-0.052337646484375,2.88604736328125,0.441131591796875,1,1.0,1.0,1.0,1.0,85.16
2020-10-31 19:49:42.063,0.30139664,-0.08943532,0.047487184,0.20355144,0.055856466,-0.108042456,-0.120438755,0.28124988,0.3055372,-0.33921766,-0.26506767,0.95886314,0.060140457,-0.28895956,-0.7760914,-0.04766582,-0.44518536,-0.44801882,-1.0992578,-0.40035623,856.2271,856.2271,849.7802,851.79486,757.1062,0.0511474609375,0.141845703125,0.98828125,-2.385101318359375,2.1832275390625,2.332763671875,1,1.0,1.0,1.0,1.0,85.16
2020-10-31 19:49:43.086,0.7149215,-0.029982321,0.18028668,0.50501484,0.23967254,-0.32942966,-0.20493023,0.3577746,0.79206777,-0.35779718,-0.17701562,0.49784496,0.2814879,-0.2508895,-0.6690875,0.13738815,-0.08549054,-0.55733156,-1.1063781,-0.0837867,866.7033,863.8828,853.00366,855.82416,902.5641,0.05780029296875,0.14349365234375,0.988037109375,-2.743988037109375,3.15521240234375,3.7384033203125,1,1.0,1.0,1.0,1.0,85.16
2020-10-31 19:49:44.096,0.69196755,0.07074141,0.070754565,0.45103344,0.19837688,-0.1390008,-0.398832,0.21304566,0.9303295,-0.31247535,-0.3103948,0.4630715,0.38506487,-0.18181668,-0.50552726,0.08179682,0.26560688,-0.41321442,-0.7896485,0.023895198,869.12085,870.7326,854.21246,858.6447,744.61536,0.054443359375,0.13323974609375,0.9910888671875,-2.85614013671875,1.607513427734375,-0.85235595703125,1,1.0,1.0,1.0,1.0,85.11
2020-10-31 19:49:45.113,0.8743155,0.016770577,-0.009805973,0.56322557,0.19612738,-0.21741816,-0.48987055,-0.019492077,0.25414953,-0.22520748,-0.24540839,0.15301743,0.41651344,-0.21141945,-0.44221187,0.11709278,0.56815284,-0.4077848,-0.5763392,0.25462478,861.4652,880.80585,847.76556,867.9121,978.315,0.05853271484375,0.13336181640625,0.98126220703125,-2.4822998046875,0.76263427734375,0.83740234375,1,1.0,1.0,1.0,1.0,85.11
2020-10-31 19:49:46.134,0.92092055,0.36660397,0.36930132,0.62770665,0.08536407,-0.31626818,-0.4495929,0.16847013,0.2790732,-0.19064635,0.027663581,0.17521237,0.3993113,-0.1738238,-0.411109,0.19995296,0.4331669,-0.49598256,-0.8008618,0.0049610767,849.3773,869.92676,847.3626,864.68866,873.1502,0.073974609375,0.14556884765625,0.9906005859375,-3.596343994140625,1.92901611328125,2.1533203125,1,1.0,1.0,1.0,1.0,85.11
2020-10-31 19:49:47.139,0.8075435,0.5227599,0.218738,0.62770665,0.1450599,-0.23160778,-0.26549786,0.16847013,0.2647829,-0.24106148,-0.0061353757,0.17521237,0.29930994,-0.13111183,-0.39224136,0.19995296,0.49146482,-0.39040786,-0.7496994,0.0049610767,850.989,863.0769,845.7509,862.674,1007.72894,0.0858154296875,0.138427734375,0.9859619140625,-1.86920166015625,2.691650390625,1.502838134765625,1,1.0,1.0,1.0,1.0,85.11
2020-10-31 19:49:48.149,0.7295811,0.3722667,0.31955206,0.6361929,0.13714558,-0.17217286,-0.32882163,0.12663607,0.9283417,-0.026776459,-0.43915883,0.42828423,0.26406375,-0.33299637,-0.62840986,-0.043126807,-0.069280975,-0.5094121,-0.8881952,-0.0318763,860.2564,862.27106,855.42126,849.7802,760.32965,0.06536865234375,0.130615234375,0.96966552734375,-1.77947998046875,4.538421630859375,1.861724853515625,1,1.0,1.0,1.0,1.0,85.11
2020-10-31 19:49:49.152,,,,,,,,,,,,,,,,,,,,,,,,,,,,,,,,,,,,,,/muse/elements/blink
2020-10-31 19:49:49.164,0.44810367,0.124426834,0.35866654,0.57509536,0.25895238,0.039761942,-0.20452626,0.12966758,1.1017554,0.48075968,0.051717423,0.58681077,0.3965841,-0.12185217,-0.40552977,0.30317053,0.19502907,-0.41864175,-0.8720294,0.15497452,870.7326,866.30035,851.79486,867.9121,892.49084,0.08526611328125,0.11981201171875,0.986328125,-1.83929443359375,1.039276123046875,0.590667724609375,1,1.0,1.0,1.0,1.0,85.11
2020-10-31 19:49:50.183,-0.07588531,0.75632906,0.39141124,0.05014363,0.2745992,0.45610207,0.18456279,-0.12543485,1.0971081,0.57795095,0.21420278,0.556234,0.44185522,-0.15608087,-0.33168423,0.57308924,0.2633266,-0.4315137,-0.7260816,0.09732573,855.0183,872.3443,851.79486,851.79486,772.4176,0.10888671875,0.13055419921875,0.9835205078125,-2.175750732421875,4.77020263671875,1.413116455078125,1,1.0,1.0,1.0,1.0,85.11
2020-10-31 19:49:51.192,-0.07588531,0.97248805,0.11697537,0.05014363,0.2745992,0.29226634,-0.24544069,-0.12543485,1.0971081,0.046185,-0.4737799,0.556234,0.44185522,-0.26603746,-0.42054,0.57308924,0.2633266,-0.533438,-0.65604186,0.09732573,847.76556,866.30035,852.6007,830.0366,682.1612,0.1092529296875,0.12066650390625,0.98272705078125,-2.4822998046875,1.502838134765625,2.011260986328125,1,1.0,1.0,1.0,1.0,85.11
2020-10-31 19:49:51.947,,,,,,,,,,,,,,,,,,,,,,,,,,,,,,,,,,,,,,/muse/elements/jaw_clench
2020-10-31 19:49:52.208,1.1440836,0.8980181,0.24917912,0.42470992,0.6793101,0.16405874,-0.09799486,-0.09094379,0.7700097,-0.15640107,-0.42557004,0.40393886,0.807264,-0.065301515,-0.47715962,0.6177758,0.9677343,-0.044910323,-0.45349795,1.3293408,897.326,860.65936,843.3333,817.1429,920.293,0.11376953125,0.1253662109375,0.9837646484375,-2.16827392578125,2.459869384765625,1.256103515625,1,2.0,1.0,1.0,2.0,85.11
2020-10-31 19:49:53.216,0.32059437,0.10270779,0.044683684,0.42575794,-0.045036383,-0.27445182,-0.08308539,0.17093623,0.72584885,-0.2606666,-0.37746933,0.5838652,0.8974781,0.034949478,-0.40277287,0.83467823,1.3196994,0.24923219,-0.14519659,1.2804633,869.5238,862.27106,849.3773,844.1392,702.3077,0.1103515625,0.1314697265625,0.98138427734375,-2.572021484375,2.2430419921875,0.8074951171875,1,1.0,1.0,1.0,1.0,85.11
2020-10-31 19:49:54.220,0.45279688,0.7153268,0.71547425,0.56757754,0.23691593,0.21503362,0.31976414,0.5483305,0.80440384,0.12104196,0.16382818,0.84877694,1.0344541,0.14893559,-0.42718786,1.0099164,1.2239282,0.2514663,-0.21442385,1.3022152,870.7326,859.45056,851.79486,837.28937,811.0989,0.10845947265625,0.12060546875,0.982177734375,-2.213134765625,1.62994384765625,1.203765869140625,1,1.0,1.0,1.0,1.0,85.08
2020-10-31 19:49:55.231,0.5017944,0.637592,0.70996493,0.63878846,0.414729,0.034692377,0.24360701,0.6187959,0.90766954,0.19375736,0.15692328,0.855505,0.9554861,0.012001086,-0.48710257,0.96606016,1.161838,0.13829519,-0.4107084,1.3816694,836.08057,852.6007,851.39197,867.9121,738.1685,0.10791015625,0.1287841796875,0.9810791015625,-2.3626708984375,1.80938720703125,1.9140625,1,1.0,1.0,1.0,1.0,85.08
2020-10-31 19:49:56.246,0.52252567,-0.25819033,-0.45498925,0.37548286,0.47706804,-0.14976165,-0.24252391,0.2298209,1.1237129,-0.07127701,-0.59463716,0.88576937,0.96912587,-0.07501801,-0.47855297,0.7389066,1.2083162,0.052962776,-0.4586798,1.3216476,794.9817,828.4249,876.3736,899.34064,867.9121,0.10662841796875,0.1275634765625,0.98040771484375,-2.37762451171875,2.370147705078125,1.9140625,1,1.0,1.0,1.0,1.0,85.08
2020-10-31 19:49:56.938,,,,,,,,,,,,,,,,,,,,,,,,,,,,,,,,,,,,,,/muse/elements/blink
2020-10-31 19:49:57.268,0.82056886,0.9731596,0.8874904,0.8242308,0.66567063,0.52522165,0.24326679,0.8151004,1.1174741,-0.085112385,-0.022704313,0.9749109,0.95243716,-0.026813941,-0.40751806,0.84337974,1.2257197,0.06417509,-0.33440167,1.2653294,886.04395,853.00366,862.27106,872.74725,797.8022,0.12255859375,0.1297607421875,0.9857177734375,-2.803802490234375,2.6019287109375,1.45050048828125,1,1.0,1.0,1.0,1.0,85.08
2020-10-31 19:49:57.937,,,,,,,,,,,,,,,,,,,,,,,,,,,,,,,,,,,,,,/muse/elements/jaw_clench
2020-10-31 19:49:58.275,,,,,,,,,,,,,,,,,,,,,,,,,,,,,,,,,,,,,,/muse/elements/jaw_clench
2020-10-31 19:49:58.277,0.82056886,0.518462,0.59159786,0.8242308,0.66567063,-0.216805,-0.107050404,0.8151004,1.1174741,0.5282775,0.14928837,0.9749109,0.95243716,0.46605235,0.0039710845,0.84337974,1.2257197,0.36102262,-0.065475106,1.2653294,955.7509,848.5714,830.0366,975.09155,925.12823,0.10931396484375,0.11859130859375,0.9879150390625,-1.592559814453125,2.3028564453125,-0.179443359375,1,1.0,1.0,1.0,1.0,85.08
2020-10-31 19:49:59.295,0.82056886,0.8361453,0.6563627,0.8242308,0.66567063,0.1988583,0.1851923,0.8151004,1.1174741,0.52762127,0.46240547,0.9749109,0.95243716,0.614197,0.21860209,0.84337974,1.2257197,0.59292984,0.16790523,1.2653294,842.9304,870.32965,844.1392,844.1392,892.49084,0.1220703125,0.11944580078125,0.9910888671875,-2.145843505859375,2.811279296875,0.418701171875,1,2.0,1.0,1.0,2.0,85.08
2020-10-31 19:49:59.818,,,,,,,,,,,,,,,,,,,,,,,,,,,,,,,,,,,,,,/muse/elements/jaw_clench
2020-10-31 19:50:00.053,,,,,,,,,,,,,,,,,,,,,,,,,,,,,,,,,,,,,,/muse/elements/blink
2020-10-31 19:50:00.314,0.82056886,1.184035,0.86445254,0.8242308,0.66567063,0.47261503,0.4247748,0.8151004,1.1174741,-0.026197905,0.430656,0.9749109,0.95243716,0.6807074,0.04654669,0.84337974,1.2257197,0.7460263,0.18147336,1.2653294,674.90845,877.1795,844.94507,757.50916,741.79486,0.11053466796875,0.1259765625,0.9876708984375,-1.188812255859375,1.15142822265625,1.413116455078125,1,2.0,1.0,1.0,2.0,85.08
2020-10-31 19:50:00.552,,,,,,,,,,,,,,,,,,,,,,,,,,,,,,,,,,,,,,/muse/elements/blink
2020-10-31 19:50:00.587,,,,,,,,,,,,,,,,,,,,,,,,,,,,,,,,,,,,,,/muse/elements/jaw_clench
2020-10-31 19:50:01.334,0.82056886,0.8109137,0.035633855,0.8242308,0.66567063,0.22618768,0.06544729,0.8151004,1.1174741,-0.025631374,0.11384318,0.9749109,0.95243716,0.50951916,0.083468705,0.84337974,1.2257197,0.5335793,0.049639557,1.2653294,825.6044,846.1539,850.18317,836.08057,944.4689,0.1552734375,0.1142578125,0.99005126953125,1.07666015625,3.701019287109375,-2.2430419921875,1,2.0,1.0,1.0,2.0,85.08
2020-10-31 19:50:02.214,,,,,,,,,,,,,,,,,,,,,,,,,,,,,,,,,,,,,,/muse/elements/jaw_clench
2020-10-31 19:50:02.342,0.82056886,0.49152952,0.18684252,0.8242308,0.66567063,-0.058923792,0.27851415,0.8151004,1.1174741,0.3074186,0.03448852,0.9749109,0.95243716,0.41133228,0.057168894,0.84337974,1.2257197,0.4536171,0.09086097,1.2653294,797.3993,858.24176,851.39197,909.41394,981.13556,0.098876953125,0.12872314453125,0.97747802734375,-3.00567626953125,2.011260986328125,1.435546875,1,2.0,1.0,1.0,2.0,85.08
2020-10-31 19:50:02.716,,,,,,,,,,,,,,,,,,,,,,,,,,,,,,,,,,,,,,/muse/elements/jaw_clench
2020-10-31 19:50:02.918,,,,,,,,,,,,,,,,,,,,,,,,,,,,,,,,,,,,,,/muse/elements/jaw_clench
2020-10-31 19:50:03.343,0.18366024,0.05384696,0.075409316,0.17658219,0.18309966,-0.20255807,-0.35410982,0.120269224,1.0423083,0.23892066,-0.23872694,1.0919007,1.6334063,0.27103856,-0.15900074,1.4141041,1.6192144,0.45644644,-0.005694001,1.5981845,845.34796,861.4652,857.4359,910.2198,894.10254,0.0914306640625,0.10650634765625,0.9716796875,-3.9178466796875,2.534637451171875,1.697235107421875,1,1.0,1.0,1.0,1.0,85.08
2020-10-31 19:50:04.368,0.3831124,0.082488,0.37564915,0.3725798,0.15466699,-0.30423003,-0.4207619,0.09903522,1.2021283,0.13218823,-0.40239546,1.0652564,1.6134832,0.19420245,-0.20956092,1.3942747,1.5799506,0.34439152,-0.0930538,1.4240949,845.34796,856.63007,855.82416,848.1685,858.24176,0.08740234375,0.10943603515625,0.98211669921875,-1.3458251953125,2.13836669921875,1.5850830078125,1,1.0,1.0,1.0,1.0,85.03
2020-10-31 19:50:05.378,0.14255843,0.21487083,0.44785076,0.4389419,0.6752786,0.018302424,-0.06768295,0.14338587,1.644288,0.3899066,0.056436785,1.0571817,1.2685016,-0.09158119,-0.3103882,1.3917775,1.2236179,-0.038862754,-0.2929286,1.402957,837.6923,851.39197,840.5128,839.707,786.1172,0.12835693359375,0.1224365234375,0.99273681640625,-2.88604736328125,4.44122314453125,0.76263427734375,1,1.0,1.0,1.0,1.0,85.03
2020-10-31 19:50:06.391,0.54038084,0.01355568,0.23062226,0.5552984,0.88589054,0.080576204,0.2621615,0.45033,1.6884415,0.3361728,0.008100944,1.0262208,0.9573006,-0.09410706,0.29818958,0.71374667,1.0101312,-0.054129757,0.04932358,0.9179249,825.2015,855.0183,851.79486,830.84247,698.2784,0.06793212890625,0.115234375,0.98712158203125,-3.581390380859375,3.81317138671875,3.357086181640625,1,1.0,1.0,1.0,1.0,85.03
2020-10-31 19:50:07.414,0.7719915,-0.34373477,-0.17457658,0.6359472,0.7130832,0.07329447,-0.0324278,0.49977523,1.6397341,0.26750448,0.38411295,1.0251236,1.1903784,0.03963621,0.37987137,0.77249664,0.93764514,-0.049528617,0.3238723,0.91587806,863.8828,866.7033,857.03296,823.1868,713.1868,0.1063232421875,0.13739013671875,0.974609375,-4.17205810546875,1.592559814453125,0.6280517578125,1,1.0,1.0,1.0,1.0,85.03
2020-10-31 19:50:08.422,1.1118726,0.29986453,-0.23999865,0.6359472,1.3032787,0.12519032,-0.05636782,0.49977523,1.8576511,0.50731695,0.40537995,1.0251236,1.6142516,0.15800045,0.41491354,0.77249664,1.0817064,-0.04108939,0.498017,0.91587806,828.4249,854.61536,841.31866,853.4066,943.663,0.05084228515625,0.1151123046875,0.98388671875,-3.5589599609375,3.94775390625,1.07666015625,1,1.0,1.0,1.0,1.0,85.03
2020-10-31 19:50:08.825,,,,,,,,,,,,,,,,,,,,,,,,,,,,,,,,,,,,,,/muse/elements/blink
2020-10-31 19:50:09.439,1.1417305,0.52271074,-0.12266927,0.6359472,1.3366601,0.046774663,-0.010234241,0.49977523,1.8133484,0.30068403,0.40532747,1.0251236,1.5828451,0.3394027,0.5350153,0.77249664,1.0945363,0.354917,0.544465,0.91587806,869.5238,859.45056,1010.14655,850.989,778.86444,1.8310546875E-4,0.12225341796875,0.98712158203125,-1.42059326171875,5.570220947265625,2.930908203125,1,1.0,1.0,1.0,1.0,85.03
2020-10-31 19:50:10.449,0.91340756,0.35812506,-0.12266927,0.8904407,0.120624274,-0.09224683,-0.010234241,0.32128775,0.567792,0.020369984,0.40532747,0.6499925,0.6820057,0.4498963,0.5350153,0.8403038,0.92113984,0.5862391,0.544465,0.9586464,873.5531,863.47986,850.989,884.83514,896.52014,-0.06561279296875,0.1346435546875,0.98236083984375,-1.854248046875,2.79632568359375,-4.66552734375,1,1.0,1.0,1.0,1.0,85.03
2020-10-31 19:50:11.481,1.0607584,0.7588957,-0.12266927,0.9607195,0.104834154,0.3991547,-0.010234241,0.53682715,0.70272326,-0.023164883,0.40532747,0.7316804,0.71019626,0.3435582,0.5350153,0.8113313,0.91288173,0.59338325,0.544465,0.9432447,859.45056,863.0769,799.81683,838.49817,705.5311,-0.0787353515625,0.09722900390625,0.9844970703125,-0.58319091796875,1.48040771484375,2.58697509765625,1,1.0,1.0,1.0,1.0,85.03
2020-10-31 19:50:12.484,0.70574635,0.9188199,-0.12266927,0.7731244,0.35406512,0.2655406,-0.010234241,0.34966055,0.7800252,-0.05282004,0.40532747,0.43729585,0.65663886,0.18100993,0.5350153,0.65341026,0.74307436,0.47711056,0.544465,0.8694959,837.28937,833.2601,809.89014,836.8865,704.3223,-0.025390625,0.13677978515625,0.91351318359375,2.55706787109375,5.375823974609375,-5.136566162109375,1,1.0,1.0,1.0,1.0,85.03
2020-10-31 19:50:13.491,1.0411953,0.9546985,-0.12266927,1.2099022,0.4983785,0.2669401,-0.010234241,0.58792955,0.9626989,0.5802915,0.40532747,0.98391896,0.84042984,0.07454449,0.5350153,0.94815904,0.6415528,-0.010461884,0.544465,0.6284228,878.7912,862.27106,1132.2344,884.0293,884.43225,0.0518798828125,0.16949462890625,1.09423828125,9.024505615234375,17.084503173828125,-1.607513427734375,1,1.0,1.0,1.0,1.0,85.03
2020-10-31 19:50:14.502,0.9070615,0.33394533,-0.12266927,1.4595757,0.43036,-0.2636116,-0.010234241,0.7772983,0.7677548,-0.04255383,0.40532747,1.2304431,0.8168816,-0.08605139,0.5350153,1.000627,0.60344106,-0.10823511,0.544465,0.6858229,867.1062,834.4689,832.0513,948.9011,1021.8315,-0.0303955078125,0.07940673828125,0.98614501953125,-3.60382080078125,-4.8150634765625,5.001983642578125,1,1.0,1.0,4.0,1.0,85.02
2020-10-31 19:50:15.517,0.9070615,0.3762312,-0.12266927,1.4595757,0.43036,-0.3520864,-0.010234241,0.7772983,0.7677548,-0.08763437,0.40532747,1.2304431,0.8168816,-0.07731503,0.5350153,1.000627,0.60344106,-0.050549284,0.544465,0.6858229,834.87177,861.4652,834.4689,857.03296,977.50916,0.058349609375,0.11590576171875,0.991455078125,-2.452392578125,2.99072265625,1.51031494140625,1,1.0,1.0,1.0,1.0,85.02
2020-10-31 19:50:16.541,1.243826,0.092092186,0.16843335,1.4595757,0.79273707,-0.28029296,-0.054444447,0.7772983,0.9415395,-0.10858129,-0.23551582,1.2304431,0.52793926,-0.4969905,-0.2816078,1.000627,0.60853094,-0.43139422,-0.4075198,0.6858229,826.0073,850.989,841.7216,857.4359,675.31134,0.11541748046875,0.13470458984375,0.9813232421875,-2.13836669921875,-1.136474609375,6.048736572265625,1,1.0,1.0,1.0,1.0,85.02
2020-10-31 19:50:17.560,0.846987,0.20464534,0.4331607,0.16109197,0.079982586,-0.045379627,0.055005617,-0.045200102,1.2445782,0.2925797,0.2911381,0.75481135,0.46301952,-0.31561968,-0.3706756,0.33427894,0.32339272,-0.46873862,-0.46949986,0.04054654,826.0073,844.1392,826.4103,844.1392,800.2198,0.0987548828125,0.1260986328125,0.9893798828125,-1.77947998046875,2.25799560546875,-0.067291259765625,1,1.0,1.0,1.0,1.0,85.02
2020-10-31 19:50:18.581,0.6082592,0.27586517,0.3720565,0.38934147,0.3971625,-0.06806714,-0.16247703,0.21071157,1.2443684,0.32658717,0.30765614,0.7639524,0.4224546,-0.37869373,-0.3797202,0.30305207,0.05883009,-0.6439866,-0.4538282,0.25391716,870.7326,855.82416,840.9158,890.07324,843.73627,0.07244873046875,0.11077880859375,0.94677734375,-7.514190673828125,17.622833251953125,8.231964111328125,1,1.0,1.0,1.0,1.0,85.02
2020-10-31 19:50:19.588,0.5927927,0.0025803586,0.16961066,1.0504478,0.7051095,-0.11519127,-0.12695949,0.98411274,0.39418596,-0.18686803,-0.44951746,1.1887567,0.5143599,-0.30302227,-0.2747127,0.7104923,0.07793017,-0.49306852,-0.31465828,0.7031415,860.2564,846.9597,841.7216,840.10986,713.1868,0.07318115234375,0.1260986328125,0.9932861328125,-2.392578125,1.1663818359375,2.093505859375,1,1.0,1.0,1.0,1.0,85.02
2020-10-31 19:50:20.606,0.264574,0.017760001,0.67001116,0.90869236,0.30169353,-0.30048066,-0.10438101,0.749383,0.54334635,-0.35748225,-0.4931428,1.1887567,0.39762315,-0.2356522,-0.14628652,0.6349169,0.6707455,-0.2710036,-0.083897494,0.7272615,841.31866,865.09155,608.4249,841.7216,1024.249,0.0478515625,0.13360595703125,0.9503173828125,-3.48419189453125,7.835693359375,-1.4654541015625,1,1.0,1.0,1.0,1.0,85.02
2020-10-31 19:50:21.616,0.2247179,0.2202118,0.67001116,0.7152934,0.31124863,-0.38965282,-0.10438101,0.46751478,0.54334635,-0.39676082,-0.4931428,0.711013,0.42197084,-0.18386875,-0.14628652,0.6790429,0.64270043,-0.3053279,-0.083897494,0.8154257,838.49817,855.42126,847.76556,820.7692,758.315,0.08892822265625,0.1368408203125,0.96905517578125,-2.4224853515625,1.973876953125,0.859832763671875,1,1.0,1.0,1.0,1.0,85.02
2020-10-31 19:50:22.632,0.8417508,0.14489082,0.12327291,0.7152934,0.48725244,-0.3087021,-0.10378742,0.46751478,-0.22695774,-0.5956526,-0.4052772,0.711013,0.15249333,-0.3709382,-0.5615557,0.6790429,0.079566784,-0.638528,-0.55158925,0.8154257,846.55676,844.5421,850.58606,848.97437,740.58606,0.06732177734375,0.1385498046875,0.98712158203125,-2.25799560546875,2.385101318359375,2.100982666015625,1,1.0,1.0,1.0,1.0,85.02
2020-10-31 19:50:23.559,,,,,,,,,,,,,,,,,,,,,,,,,,,,,,,,,,,,,,/muse/elements/jaw_clench
2020-10-31 19:50:23.653,0.6328273,0.2032318,0.11280013,0.37113523,0.40034154,0.062179748,0.06700098,0.33574232,-0.05816583,-0.2881442,-0.1288596,0.09612067,0.36358294,-0.3712111,-0.42260888,0.46089047,0.1606851,-0.46162957,-0.51149875,0.33768415,822.381,1650.0,1650.0,836.8865,893.2967,0.136962890625,0.13250732421875,0.9639892578125,-3.42437744140625,-7.588958740234375,8.635711669921875,1,1.0,1.0,1.0,1.0,85.02
2020-10-31 19:50:23.725,,,,,,,,,,,,,,,,,,,,,,,,,,,,,,,,,,,,,,/muse/elements/jaw_clench
2020-10-31 19:50:24.665,0.15002784,0.28479144,-0.025856445,0.1752504,0.29348826,0.09045767,-0.09839436,0.33492455,-0.12026845,-0.3409935,-0.177551,-0.026540063,0.49231946,-0.24557307,-0.2837831,0.35762095,0.24376276,-0.25774553,-0.49582797,0.3835501,830.0366,744.21246,809.4872,804.65204,662.4176,0.031494140625,0.1279296875,0.97589111328125,-1.65985107421875,2.385101318359375,3.446807861328125,1,1.0,1.0,1.0,1.0,84.98
2020-10-31 19:50:25.680,0.15002784,0.28479144,-0.025856445,0.1752504,0.29348826,0.09045767,-0.09839436,0.33492455,-0.12026845,-0.3409935,-0.177551,-0.026540063,0.49231946,-0.24557307,-0.2837831,0.35762095,0.24376276,-0.25774553,-0.49582797,0.3835501,856.63007,779.2674,815.12823,861.8681,914.2491,0.0350341796875,0.1329345703125,0.99884033203125,-2.325286865234375,2.34771728515625,0.665435791015625,1,1.0,1.0,1.0,1.0,84.98
2020-10-31 19:50:26.697,0.5229714,0.6432445,0.7359204,0.1752504,0.5628659,0.068545125,0.22608788,0.33492455,1.1439626,0.39179066,-0.14806174,-0.026540063,0.36558694,0.2988811,0.19812095,0.35762095,0.3537038,0.019995771,-0.062279977,0.3835501,860.2564,775.64105,830.4396,857.4359,995.2381,0.07061767578125,0.13653564453125,0.98822021484375,-4.964599609375,1.8841552734375,7.4468994140625,1,1.0,1.0,1.0,1.0,84.98
2020-10-31 19:50:27.711,0.6637314,0.6859349,0.72476363,1.3120695,0.45365074,0.2752728,-0.14956526,0.66424125,0.8498207,0.2205656,-0.36142278,1.1903179,0.5108627,0.3308211,0.12682158,1.2471687,0.5102991,-0.038189255,0.02814756,0.5852071,867.50916,1157.2161,993.22345,872.3443,896.1172,0.01080322265625,0.110107421875,0.96136474609375,-0.680389404296875,-0.485992431640625,-1.36077880859375,1,1.0,1.0,1.0,1.0,84.98
2020-10-31 19:50:27.911,,,,,,,,,,,,,,,,,,,,,,,,,,,,,,,,,,,,,,/muse/elements/jaw_clench
2020-10-31 19:50:28.749,0.75234383,0.7095254,0.8708704,1.5126245,0.4913629,0.43891063,-0.23361158,0.83449584,0.7885158,-0.087807365,-0.38184714,1.1903179,0.6032312,0.39514887,0.12226289,1.4166368,0.54837936,-0.011310954,0.100799836,0.68996733,855.42126,723.663,836.08057,859.85345,752.674,0.02313232421875,0.1453857421875,0.99420166015625,-1.009368896484375,4.3963623046875,0.934600830078125,1,1.0,1.0,1.0,1.0,84.98
2020-10-31 19:50:29.762,0.75234383,0.7095254,0.8708704,1.5126245,0.4913629,0.43891063,-0.23361158,0.83449584,0.7885158,-0.087807365,-0.38184714,1.1903179,0.6032312,0.39514887,0.12226289,1.4166368,0.54837936,-0.011310954,0.100799836,0.68996733,835.2747,754.68866,852.6007,840.5128,980.7326,-0.1102294921875,0.131103515625,0.99871826171875,-4.358978271484375,6.527252197265625,1.2860107421875,1,1.0,1.0,1.0,1.0,84.98
2020-10-31 19:50:30.770,1.0036454,0.7095254,0.8708704,1.1323123,0.3138594,0.43891063,-0.23361158,0.39791802,0.9114711,-0.087807365,-0.38184714,1.3903669,0.43617576,0.39514887,0.12226289,0.60649127,0.38269246,-0.011310954,0.100799836,0.562073,871.13556,789.7436,857.03296,850.58606,151.0989,-0.08026123046875,0.12091064453125,0.97161865234375,-4.77020263671875,6.29547119140625,23.55194091796875,1,1.0,1.0,1.0,1.0,84.98
2020-10-31 19:50:31.778,0.8985817,0.7095254,0.8708704,1.164594,0.2903518,0.43891063,-0.23361158,0.375678,0.894413,-0.087807365,-0.38184714,1.3903669,0.5280987,0.39514887,0.12226289,0.59354097,0.38361266,-0.011310954,0.100799836,0.5517594,858.24176,770.80585,850.18317,874.7619,1022.6374,-0.11126708984375,0.08868408203125,1.0247802734375,-15.133056640625,-0.396270751953125,19.4097900390625,1,1.0,1.0,1.0,1.0,84.98
2020-10-31 19:50:32.808,0.85006624,0.7095254,0.8708704,0.707416,0.6068402,0.43891063,-0.23361158,0.09402116,0.9078994,-0.087807365,-0.38184714,0.93394625,0.78842,0.39514887,0.12226289,0.7822209,0.47255787,-0.011310954,0.100799836,0.48588815,875.9707,780.4762,899.34064,885.64105,774.0293,-0.190673828125,0.08758544921875,1.0672607421875,-8.291778564453125,1.31591796875,0.964508056640625,1,1.0,1.0,1.0,1.0,84.98
2020-10-31 19:50:33.816,0.8745356,0.7095254,0.8708704,0.6555067,0.594316,0.43891063,-0.23361158,0.09863594,0.87541217,-0.087807365,-0.38184714,0.86321414,0.8130744,0.39514887,0.12226289,0.7677893,0.46676475,-0.011310954,0.100799836,0.42352787,813.91943,655.16486,796.99634,821.5751,801.02563,-0.07257080078125,0.17230224609375,0.99755859375,6.407623291015625,6.108551025390625,7.46185302734375,1,1.0,1.0,1.0,1.0,84.97
2020-10-31 19:50:34.826,0.8745356,0.7095254,0.8708704,0.6555067,0.594316,0.43891063,-0.23361158,0.09863594,0.87541217,-0.087807365,-0.38184714,0.86321414,0.8130744,0.39514887,0.12226289,0.7677893,0.46676475,-0.011310954,0.100799836,0.42352787,843.3333,709.15753,990.40295,860.65936,819.15753,-0.11737060546875,0.1473388671875,0.97412109375,-2.998199462890625,1.18133544921875,-0.61309814453125,1,1.0,1.0,1.0,1.0,84.97
2020-10-31 19:50:35.842,0.8745356,0.7095254,0.8708704,0.6555067,0.594316,0.43891063,-0.23361158,0.09863594,0.87541217,-0.087807365,-0.38184714,0.86321414,0.8130744,0.39514887,0.12226289,0.7677893,0.46676475,-0.011310954,0.100799836,0.42352787,877.98535,826.4103,687.3993,868.315,806.26373,-0.0994873046875,0.13336181640625,0.9788818359375,-1.667327880859375,1.727142333984375,2.76641845703125,1,2.0,1.0,1.0,2.0,84.97
2020-10-31 19:50:36.852,0.8745356,0.7095254,0.8708704,0.6555067,0.594316,0.43891063,-0.23361158,0.09863594,0.87541217,-0.087807365,-0.38184714,0.86321414,0.8130744,0.39514887,0.12226289,0.7677893,0.46676475,-0.011310954,0.100799836,0.42352787,894.10254,847.76556,750.2564,880.80585,819.15753,-0.14312744140625,0.13946533203125,0.972900390625,-3.940277099609375,7.01324462890625,2.773895263671875,1,2.0,1.0,1.0,2.0,84.97
2020-10-31 19:50:37.883,0.8745356,0.9037831,0.8708704,0.29709324,0.594316,0.59027255,-0.23361158,0.3658119,0.87541217,0.28973907,-0.38184714,0.42972,0.8130744,-0.065767,0.12226289,0.5371394,0.46676475,-0.118023835,0.100799836,-0.07195512,902.5641,870.7326,761.53845,885.64105,821.5751,-0.199462890625,0.1729736328125,0.97064208984375,-0.0,-5.06927490234375,-0.157012939453125,1,1.0,1.0,1.0,1.0,84.97
2020-10-31 19:50:38.887,0.8745356,0.99662524,0.8708704,0.29709324,0.594316,0.69754016,-0.23361158,0.3658119,0.87541217,0.2494145,-0.38184714,0.42972,0.8130744,0.07232439,0.12226289,0.5371394,0.46676475,-0.023379406,0.100799836,-0.07195512,844.94507,846.55676,871.13556,843.73627,891.28204,-0.16448974609375,0.153076171875,0.96142578125,-3.06549072265625,1.48040771484375,0.994415283203125,1,1.0,1.0,1.0,1.0,84.97
2020-10-31 19:50:39.910,0.89519566,0.99662524,0.8708704,0.8764536,0.57838106,0.69754016,-0.23361158,0.5233219,1.4312031,0.2494145,-0.38184714,1.4511895,0.6272843,0.07232439,0.12226289,0.629932,0.19103503,-0.023379406,0.100799836,0.381502,871.9414,931.5751,838.49817,868.71796,866.7033,-0.16412353515625,0.1356201171875,0.9735107421875,-1.3458251953125,2.572021484375,1.248626708984375,1,1.0,1.0,1.0,1.0,84.97
2020-10-31 19:50:40.932,0.6921723,0.99662524,0.8708704,0.6697052,0.38903937,0.69754016,-0.23361158,0.40501943,1.4158186,0.2494145,-0.38184714,1.3845928,0.51741606,0.07232439,0.12226289,0.6175743,0.18215336,-0.023379406,0.100799836,0.29979056,868.71796,830.0366,807.8755,868.71796,832.0513,-0.13897705078125,0.15472412109375,0.97991943359375,-3.342132568359375,4.553375244140625,0.1495361328125,1,1.0,1.0,1.0,1.0,84.97
2020-10-31 19:50:41.954,0.58581495,0.99662524,0.8708704,0.5314415,0.120089844,0.69754016,-0.23361158,0.13270135,0.7840376,0.2494145,-0.38184714,0.97672683,0.45093307,0.07232439,0.12226289,0.5924324,0.24560153,-0.023379406,0.100799836,0.38260368,855.0183,1020.6227,1166.0806,841.7216,904.57874,-0.1290283203125,0.17218017578125,0.9853515625,0.157012939453125,-1.495361328125,-1.1663818359375,1,1.0,1.0,1.0,1.0,84.97
2020-10-31 19:50:42.322,,,,,,,,,,,,,,,,,,,,,,,,,,,,,,,,,,,,,,/muse/elements/jaw_clench
2020-10-31 19:50:42.984,0.58581495,0.99662524,0.8708704,0.5314415,0.120089844,0.69754016,-0.23361158,0.13270135,0.7840376,0.2494145,-0.38184714,0.97672683,0.45093307,0.07232439,0.12226289,0.5924324,0.24560153,-0.023379406,0.100799836,0.38260368,858.24176,980.7326,975.09155,862.674,828.022,-0.18524169921875,0.15673828125,0.9652099609375,-2.01873779296875,2.190704345703125,1.5850830078125,1,2.0,1.0,1.0,2.0,84.97
2020-10-31 19:50:43.996,0.58581495,0.99662524,0.8708704,0.5314415,0.120089844,0.69754016,-0.23361158,0.13270135,0.7840376,0.2494145,-0.38184714,0.97672683,0.45093307,0.07232439,0.12226289,0.5924324,0.24560153,-0.023379406,0.100799836,0.38260368,842.9304,334.0293,1474.7252,807.0696,829.2308,-0.1912841796875,0.17596435546875,0.950439453125,-1.457977294921875,-1.54022216796875,3.506622314453125,1,2.0,1.0,1.0,2.0,84.94
2020-10-31 19:50:45.006,0.58581495,0.99662524,0.8708704,0.5314415,0.120089844,0.69754016,-0.23361158,0.13270135,0.7840376,0.2494145,-0.38184714,0.97672683,0.45093307,0.07232439,0.12226289,0.5924324,0.24560153,-0.023379406,0.100799836,0.38260368,856.63007,1213.6263,1191.0623,839.304,891.685,-0.1988525390625,0.16741943359375,0.94696044921875,-4.74029541015625,4.85992431640625,3.611297607421875,1,2.0,4.0,1.0,2.0,84.94
2020-10-31 19:50:46.021,0.58581495,0.99662524,0.8708704,1.6043806,0.120089844,0.69754016,-0.23361158,1.1621692,0.7840376,0.2494145,-0.38184714,1.2360764,0.45093307,0.07232439,0.12226289,0.87922686,0.24560153,-0.023379406,0.100799836,0.81598634,716.4103,715.2015,993.6264,722.0513,819.9634,-0.179443359375,0.135498046875,0.97222900390625,-29.7576904296875,-0.0299072265625,50.7525634765625,1,1.0,4.0,1.0,1.0,84.94
2020-10-31 19:50:46.412,,,,,,,,,,,,,,,,,,,,,,,,,,,,,,,,,,,,,,/muse/elements/jaw_clench
2020-10-31 19:50:47.047,0.58581495,0.99662524,0.8708704,1.6134281,0.120089844,0.69754016,-0.23361158,1.2294534,0.7840376,0.2494145,-0.38184714,1.2360764,0.45093307,0.07232439,0.12226289,0.9139085,0.24560153,-0.023379406,0.100799836,0.85411173,750.2564,1058.4982,1145.9341,780.4762,810.293,-0.20025634765625,0.15032958984375,0.9656982421875,-2.743988037109375,4.179534912109375,-3.117828369140625,1,1.0,4.0,1.0,1.0,84.94
2020-10-31 19:50:47.919,,,,,,,,,,,,,,,,,,,,,,,,,,,,,,,,,,,,,,/muse/elements/blink
2020-10-31 19:50:48.051,0.58581495,0.99662524,0.8708704,1.6134281,0.120089844,0.69754016,-0.23361158,1.2294534,0.7840376,0.2494145,-0.38184714,1.2360764,0.45093307,0.07232439,0.12226289,0.9139085,0.24560153,-0.023379406,0.100799836,0.85411173,843.3333,510.91574,798.60803,844.1392,768.7912,-0.23834228515625,0.16998291015625,0.9688720703125,-5.5328369140625,7.140350341796875,1.00189208984375,1,1.0,4.0,2.0,1.0,84.94
2020-10-31 19:50:48.088,,,,,,,,,,,,,,,,,,,,,,,,,,,,,,,,,,,,,,/muse/elements/jaw_clench
2020-10-31 19:50:49.069,0.58581495,0.99662524,0.8708704,1.6134281,0.120089844,0.69754016,-0.23361158,1.2294534,0.7840376,0.2494145,-0.38184714,1.2360764,0.45093307,0.07232439,0.12226289,0.9139085,0.24560153,-0.023379406,0.100799836,0.85411173,923.1135,1323.6263,991.2088,950.9158,816.337,-0.186279296875,0.1485595703125,0.969482421875,-2.714080810546875,2.691650390625,3.09539794921875,1,2.0,4.0,1.0,2.0,84.94
2020-10-31 19:50:50.079,0.58581495,0.99662524,0.8708704,1.6134281,0.120089844,0.69754016,-0.23361158,1.2294534,0.7840376,0.2494145,-0.38184714,1.2360764,0.45093307,0.07232439,0.12226289,0.9139085,0.24560153,-0.023379406,0.100799836,0.85411173,855.42126,839.304,771.6117,850.18317,857.8388,-0.18048095703125,0.15020751953125,0.97515869140625,-0.814971923828125,2.474822998046875,0.635528564453125,1,2.0,2.0,2.0,2.0,84.94
2020-10-31 19:50:50.661,,,,,,,,,,,,,,,,,,,,,,,,,,,,,,,,,,,,,,/muse/elements/blink
2020-10-31 19:50:50.768,,,,,,,,,,,,,,,,,,,,,,,,,,,,,,,,,,,,,,/muse/elements/jaw_clench
2020-10-31 19:50:51.099,0.58581495,0.99662524,0.8708704,1.6134281,0.120089844,0.69754016,-0.23361158,1.2294534,0.7840376,0.2494145,-0.38184714,1.2360764,0.45093307,0.07232439,0.12226289,0.9139085,0.24560153,-0.023379406,0.100799836,0.85411173,1032.3077,761.53845,795.38464,1015.38464,923.91943,-0.168212890625,0.1356201171875,0.97491455078125,-3.70849609375,1.89910888671875,3.06549072265625,1,2.0,2.0,2.0,2.0,84.94
2020-10-31 19:50:52.117,0.58581495,0.99662524,0.8708704,1.6134281,0.120089844,0.69754016,-0.23361158,1.2294534,0.7840376,0.2494145,-0.38184714,1.2360764,0.45093307,0.07232439,0.12226289,0.9139085,0.24560153,-0.023379406,0.100799836,0.85411173,791.3553,1019.011,918.2784,805.4579,892.49084,-0.1781005859375,0.13555908203125,0.9710693359375,-2.953338623046875,1.80938720703125,0.770111083984375,1,2.0,2.0,2.0,2.0,84.94
2020-10-31 19:50:53.120,0.58581495,0.99662524,0.8708704,1.6134281,0.120089844,0.69754016,-0.23361158,1.2294534,0.7840376,0.2494145,-0.38184714,1.2360764,0.45093307,0.07232439,0.12226289,0.9139085,0.24560153,-0.023379406,0.100799836,0.85411173,797.3993,799.81683,727.28937,804.2491,849.3773,-0.170654296875,0.13580322265625,0.9749755859375,-2.213134765625,2.76641845703125,0.530853271484375,1,2.0,2.0,2.0,2.0,84.94
2020-10-31 19:50:53.912,,,,,,,,,,,,,,,,,,,,,,,,,,,,,,,,,,,,,,/muse/elements/blink
2020-10-31 19:50:54.144,0.58581495,0.99662524,0.8708704,1.6134281,0.120089844,0.69754016,-0.23361158,1.2294534,0.7840376,0.2494145,-0.38184714,1.2360764,0.45093307,0.07232439,0.12226289,0.9139085,0.24560153,-0.023379406,0.100799836,0.85411173,988.3883,601.5751,784.5055,992.01465,932.381,-0.1600341796875,0.154052734375,0.98052978515625,-3.48419189453125,1.92901611328125,1.682281494140625,1,2.0,2.0,2.0,2.0,84.91
2020-10-31 19:50:55.149,0.58581495,0.99662524,0.8708704,1.6134281,0.120089844,0.69754016,-0.23361158,1.2294534,0.7840376,0.2494145,-0.38184714,1.2360764,0.45093307,0.07232439,0.12226289,0.9139085,0.24560153,-0.023379406,0.100799836,0.85411173,895.31134,1131.0256,980.32965,898.93774,871.13556,-0.17144775390625,0.14764404296875,0.9691162109375,-2.4224853515625,3.050537109375,1.936492919921875,1,2.0,2.0,1.0,2.0,84.91
2020-10-31 19:50:56.169,0.58581495,0.99662524,0.8708704,1.6134281,0.120089844,0.69754016,-0.23361158,1.2294534,0.7840376,0.2494145,-0.38184714,1.2360764,0.45093307,0.07232439,0.12226289,0.9139085,0.24560153,-0.023379406,0.100799836,0.85411173,741.39197,1005.31134,890.07324,770.40295,950.9158,-0.16363525390625,0.13812255859375,0.97723388671875,-1.891632080078125,0.934600830078125,1.24114990234375,1,2.0,1.0,1.0,2.0,84.91
2020-10-31 19:50:57.041,,,,,,,,,,,,,,,,,,,,,,,,,,,,,,,,,,,,,,/muse/elements/blink
2020-10-31 19:50:57.172,0.58581495,0.99662524,0.8708704,1.6134281,0.120089844,0.69754016,-0.23361158,1.2294534,0.7840376,0.2494145,-0.38184714,1.2360764,0.45093307,0.07232439,0.12226289,0.9139085,0.24560153,-0.023379406,0.100799836,0.85411173,825.6044,773.6264,711.1722,831.2454,877.5824,-0.1683349609375,0.13836669921875,0.9730224609375,-2.310333251953125,2.34771728515625,1.1663818359375,1,2.0,1.0,1.0,2.0,84.91
2020-10-31 19:50:58.180,0.58581495,0.99662524,0.8708704,1.6134281,0.120089844,0.69754016,-0.23361158,1.2294534,0.7840376,0.2494145,-0.38184714,1.2360764,0.45093307,0.07232439,0.12226289,0.9139085,0.24560153,-0.023379406,0.100799836,0.85411173,862.674,599.9634,371.90475,870.7326,898.1319,-0.15740966796875,0.1407470703125,0.98455810546875,0.2392578125,9.488067626953125,0.9271240234375,1,2.0,1.0,1.0,2.0,84.91
2020-10-31 19:50:59.186,0.58581495,0.99662524,0.8708704,1.6134281,0.120089844,0.69754016,-0.23361158,1.2294534,0.7840376,0.2494145,-0.38184714,1.2360764,0.45093307,0.07232439,0.12226289,0.9139085,0.24560153,-0.023379406,0.100799836,0.85411173,903.36993,855.42126,807.0696,898.5348,877.1795,-0.211181640625,0.14447021484375,0.966064453125,-3.446807861328125,3.566436767578125,-0.3887939453125,1,2.0,1.0,1.0,2.0,84.91
2020-10-31 19:51:00.194,,,,,,,,,,,,,,,,,,,,,,,,,,,,,,,,,,,,,,/muse/elements/jaw_clench
2020-10-31 19:51:00.195,0.58581495,0.99662524,0.8708704,1.6134281,0.120089844,0.69754016,-0.23361158,1.2294534,0.7840376,0.2494145,-0.38184714,1.2360764,0.45093307,0.07232439,0.12226289,0.9139085,0.24560153,-0.023379406,0.100799836,0.85411173,539.92676,1347.3993,1650.0,508.09525,891.28204,-0.1339111328125,0.13714599609375,0.9893798828125,0.0897216796875,-6.691741943359375,1.3458251953125,1,2.0,1.0,1.0,2.0,84.91
2020-10-31 19:51:00.423,,,,,,,,,,,,,,,,,,,,,,,,,,,,,,,,,,,,,,/muse/elements/blink
2020-10-31 19:51:01.200,0.58581495,0.99662524,0.8708704,1.6134281,0.120089844,0.69754016,-0.23361158,1.2294534,0.7840376,0.2494145,-0.38184714,1.2360764,0.45093307,0.07232439,0.12226289,0.9139085,0.24560153,-0.023379406,0.100799836,0.85411173,746.2271,647.50916,857.4359,744.61536,975.09155,-0.18170166015625,0.1444091796875,0.96954345703125,-2.310333251953125,1.652374267578125,-1.682281494140625,1,2.0,4.0,4.0,2.0,84.91
2020-10-31 19:51:02.235,0.58581495,0.99662524,0.8708704,1.6134281,0.120089844,0.69754016,-0.23361158,1.2294534,0.7840376,0.2494145,-0.38184714,1.2360764,0.45093307,0.07232439,0.12226289,0.9139085,0.24560153,-0.023379406,0.100799836,0.85411173,576.99634,888.0586,886.4469,612.4542,909.011,-0.17083740234375,0.146240234375,0.970947265625,-3.4393310546875,1.973876953125,-2.1832275390625,1,2.0,2.0,2.0,2.0,84.91
2020-10-31 19:51:03.253,0.58581495,0.99662524,0.8708704,1.6134281,0.120089844,0.69754016,-0.23361158,1.2294534,0.7840376,0.2494145,-0.38184714,1.2360764,0.45093307,0.07232439,0.12226289,0.9139085,0.24560153,-0.023379406,0.100799836,0.85411173,613.2601,811.9048,875.56775,647.1062,904.57874,-0.164794921875,0.145263671875,0.97509765625,-1.801910400390625,2.280426025390625,1.338348388671875,1,2.0,4.0,1.0,2.0,84.91
2020-10-31 19:51:04.273,0.58581495,0.99662524,0.8708704,1.6134281,0.120089844,0.69754016,-0.23361158,1.2294534,0.7840376,0.2494145,-0.38184714,1.2360764,0.45093307,0.07232439,0.12226289,0.9139085,0.24560153,-0.023379406,0.100799836,0.85411173,801.4286,715.6044,726.8865,809.4872,901.3553,-0.178466796875,0.1396484375,0.97283935546875,-1.143951416015625,0.95703125,0.471038818359375,1,2.0,4.0,1.0,2.0,84.88
2020-10-31 19:51:05.299,0.58581495,0.99662524,0.8708704,1.6134281,0.120089844,0.69754016,-0.23361158,1.2294534,0.7840376,0.2494145,-0.38184714,1.2360764,0.45093307,0.07232439,0.12226289,0.9139085,0.24560153,-0.023379406,0.100799836,0.85411173,915.05493,804.2491,670.87915,910.6227,904.17584,-0.1739501953125,0.1395263671875,0.97564697265625,-1.6448974609375,1.60003662109375,1.48040771484375,1,2.0,1.0,1.0,2.0,84.88
2020-10-31 19:51:06.308,0.58581495,0.99662524,0.8708704,1.6134281,0.120089844,0.69754016,-0.23361158,1.2294534,0.7840376,0.2494145,-0.38184714,1.2360764,0.45093307,0.07232439,0.12226289,0.9139085,0.24560153,-0.023379406,0.100799836,0.85411173,901.3553,747.4359,814.3223,910.2198,942.0513,-0.1717529296875,0.13671875,0.9730224609375,-2.7215576171875,1.62994384765625,1.15142822265625,1,2.0,1.0,1.0,2.0,84.88
2020-10-31 19:51:06.874,,,,,,,,,,,,,,,,,,,,,,,,,,,,,,,,,,,,,,/muse/elements/blink
2020-10-31 19:51:07.335,1.7031356,0.99662524,0.8708704,1.7108791,1.2803952,0.69754016,-0.23361158,1.2084265,1.2832105,0.2494145,-0.38184714,1.3724581,0.5944207,0.07232439,0.12226289,0.4808079,0.45182255,-0.023379406,0.100799836,0.3526209,927.5458,869.5238,726.08057,916.26373,1017.3993,-0.1632080078125,0.129150390625,0.9814453125,-2.519683837890625,1.801910400390625,-0.11962890625,1,1.0,1.0,1.0,1.0,84.88
2020-10-31 19:51:07.907,,,,,,,,,,,,,,,,,,,,,,,,,,,,,,,,,,,,,,/muse/elements/blink
2020-10-31 19:51:08.346,,,,,,,,,,,,,,,,,,,,,,,,,,,,,,,,,,,,,,/muse/elements/blink
2020-10-31 19:51:08.348,1.7514234,0.99662524,0.8708704,1.7544982,1.3767506,0.69754016,-0.23361158,1.3056618,1.2193635,0.2494145,-0.38184714,1.2485597,0.6124407,0.07232439,0.12226289,0.4913243,0.53021085,-0.023379406,0.100799836,0.41201743,839.707,962.6007,790.9524,863.0769,1090.7325,-0.05157470703125,0.13116455078125,1.0166015625,-0.710296630859375,-1.1065673828125,4.523468017578125,1,1.0,2.0,1.0,1.0,84.88
2020-10-31 19:51:08.815,,,,,,,,,,,,,,,,,,,,,,,,,,,,,,,,,,,,,,/muse/elements/blink
2020-10-31 19:51:09.385,1.7514234,0.99662524,0.8708704,1.7544982,1.3767506,0.69754016,-0.23361158,1.3056618,1.2193635,0.2494145,-0.38184714,1.2485597,0.6124407,0.07232439,0.12226289,0.4913243,0.53021085,-0.023379406,0.100799836,0.41201743,753.0769,734.1392,926.7399,752.674,897.72894,0.00604248046875,0.11322021484375,1.11029052734375,-6.77398681640625,2.58697509765625,-5.106658935546875,1,1.0,2.0,2.0,1.0,84.88
2020-10-31 19:51:09.389,,,,,,,,,,,,,,,,,,,,,,,,,,,,,,,,,,,,,,/muse/elements/blink
2020-10-31 19:51:09.654,,,,,,,,,,,,,,,,,,,,,,,,,,,,,,,,,,,,,,/muse/elements/blink
2020-10-31 19:51:09.986,,,,,,,,,,,,,,,,,,,,,,,,,,,,,,,,,,,,,,/muse/elements/blink
2020-10-31 19:51:10.399,1.7514234,0.99662524,0.8708704,1.7544982,1.3767506,0.69754016,-0.23361158,1.3056618,1.2193635,0.2494145,-0.38184714,1.2485597,0.6124407,0.07232439,0.12226289,0.4913243,0.53021085,-0.023379406,0.100799836,0.41201743,778.86444,988.3883,794.57874,760.32965,1138.6813,0.041015625,0.16949462890625,0.9749755859375,-1.016845703125,-11.1553955078125,-98.6639404296875,1,2.0,1.0,1.0,2.0,84.88
2020-10-31 19:51:10.858,,,,,,,,,,,,,,,,,,,,,,,,,,,,,,,,,,,,,,/muse/elements/blink
2020-10-31 19:51:11.382,,,,,,,,,,,,,,,,,,,,,,,,,,,,,,,,,,,,,,/muse/elements/blink
2020-10-31 19:51:11.413,1.7514234,0.99662524,0.8708704,1.7544982,1.3767506,0.69754016,-0.23361158,1.3056618,1.2193635,0.2494145,-0.38184714,1.2485597,0.6124407,0.07232439,0.12226289,0.4913243,0.53021085,-0.023379406,0.100799836,0.41201743,769.59705,1011.3553,1036.337,784.5055,979.92676,0.0501708984375,0.08837890625,0.9830322265625,-3.0206298828125,-4.747772216796875,-14.415283203125,1,2.0,1.0,1.0,2.0,84.88
2020-10-31 19:51:12.427,1.7514234,0.99662524,0.8708704,1.7544982,1.3767506,0.69754016,-0.23361158,1.3056618,1.2193635,0.2494145,-0.38184714,1.2485597,0.6124407,0.07232439,0.12226289,0.4913243,0.53021085,-0.023379406,0.100799836,0.41201743,758.71796,1014.17584,935.2015,794.9817,943.2601,-0.01385498046875,0.08587646484375,0.9935302734375,-3.327178955078125,2.46734619140625,6.6094970703125,1,2.0,1.0,1.0,2.0,84.88
2020-10-31 19:51:13.451,1.7514234,0.99662524,0.8708704,1.7544982,1.3767506,0.69754016,-0.23361158,1.3056618,1.2193635,0.2494145,-0.38184714,1.2485597,0.6124407,0.07232439,0.12226289,0.4913243,0.53021085,-0.023379406,0.100799836,0.41201743,761.9414,1058.4982,927.9487,788.1319,1157.2161,0.0333251953125,0.09674072265625,0.99957275390625,-3.42437744140625,2.13836669921875,2.205657958984375,1,2.0,1.0,1.0,2.0,84.88
2020-10-31 19:51:14.459,1.7514234,0.99662524,0.8708704,1.0601361,1.3767506,0.69754016,-0.23361158,0.59320587,1.2193635,0.2494145,-0.38184714,0.6891669,0.6124407,0.07232439,0.12226289,1.0077367,0.53021085,-0.023379406,0.100799836,0.8088446,785.31134,968.24176,896.9231,780.87915,899.7436,2.44140625E-4,0.101318359375,0.985107421875,-1.18133544921875,2.46734619140625,5.824432373046875,1,1.0,1.0,1.0,1.0,84.86
2020-10-31 19:51:15.491,1.7514234,0.99662524,0.8708704,1.091751,1.3767506,0.69754016,-0.23361158,0.58426493,1.2193635,0.2494145,-0.38184714,0.6482667,0.6124407,0.07232439,0.12226289,0.96474236,0.53021085,-0.023379406,0.100799836,0.77128017,747.8388,928.7546,884.0293,763.95605,809.0842,-0.00177001953125,0.0999755859375,0.9937744140625,-2.130889892578125,2.265472412109375,1.30096435546875,1,1.0,1.0,1.0,1.0,84.86
2020-10-31 19:51:16.514,0.45194894,1.5758468,0.8818677,0.61377674,0.35771888,0.75753534,0.38591167,0.5830375,0.55947286,0.65363574,0.54340035,0.67771417,0.6210249,0.31513914,-0.13892855,0.5811247,0.4748395,-0.25031805,-0.4109008,0.4995919,770.40295,901.3553,867.50916,762.74725,835.2747,0.00152587890625,0.09716796875,0.9964599609375,-2.026214599609375,2.8411865234375,1.323394775390625,1,1.0,1.0,1.0,1.0,84.86
2020-10-31 19:51:17.536,1.0762413,1.4834954,1.0403585,0.8598598,1.0739616,1.1604807,0.9714252,0.73820394,0.8667656,0.99468195,0.84657806,0.8438041,0.72845995,0.42681283,0.19370668,0.6158064,0.38308156,-0.22658029,-0.41000304,0.4348893,788.5348,904.9817,879.59705,808.68134,913.8461,0.00634765625,0.10888671875,0.9971923828125,-1.966400146484375,1.742095947265625,0.889739990234375,1,1.0,1.0,1.0,1.0,84.86
2020-10-31 19:51:18.240,,,,,,,,,,,,,,,,,,,,,,,,,,,,,,,,,,,,,,/muse/elements/blink
2020-10-31 19:51:18.371,,,,,,,,,,,,,,,,,,,,,,,,,,,,,,,,,,,,,,/muse/elements/blink
2020-10-31 19:51:18.543,1.3295484,1.3738325,1.0802567,1.0300051,1.5039191,1.1537402,0.9910164,0.9735464,0.84112805,0.9190798,0.84657806,0.81553376,0.825365,0.18729731,0.18580437,0.65021116,0.36185858,-0.3699576,-0.4620418,0.27632838,800.2198,892.0879,895.7143,817.9487,1071.392,0.01611328125,0.10845947265625,0.99761962890625,-3.12530517578125,3.648681640625,0.964508056640625,1,1.0,1.0,1.0,1.0,84.86
2020-10-31 19:51:18.977,,,,,,,,,,,,,,,,,,,,,,,,,,,,,,,,,,,,,,/muse/elements/blink
2020-10-31 19:51:19.562,1.3295484,1.418264,1.1565319,1.0300051,1.5039191,0.5706022,0.36323914,0.9735464,0.84112805,0.52067804,0.24332622,0.81553376,0.825365,-0.110761546,-0.11642907,0.65021116,0.36185858,-0.47664163,-0.5600855,0.27632838,797.3993,902.1612,904.17584,796.5934,1004.5055,0.00103759765625,0.1031494140625,0.9912109375,-2.31781005859375,1.353302001953125,2.10845947265625,1,1.0,1.0,1.0,1.0,84.86
2020-10-31 19:51:20.580,1.1770438,1.4736003,1.2235063,1.0300051,0.8177439,0.35668486,0.33555582,0.9735464,1.103255,0.69260746,0.252568,0.81553376,0.4917303,-0.03081009,-0.09218686,0.65021116,0.23403609,-0.48323032,-0.60064924,0.27632838,797.3993,902.96704,877.98535,803.8461,939.6337,-0.0037841796875,0.09906005859375,0.99224853515625,-2.295379638671875,2.0635986328125,2.041168212890625,1,1.0,1.0,1.0,1.0,84.86
2020-10-31 19:51:21.558,,,,,,,,,,,,,,,,,,,,,,,,,,,,,,,,,,,,,,/muse/elements/blink
2020-10-31 19:51:21.583,1.1685067,1.6028188,0.8255592,1.0300051,0.6966643,0.3503409,0.52611697,0.9735464,1.0459636,0.61343646,0.52868634,0.81553376,0.34743932,0.080273554,0.035777617,0.65021116,0.19804052,-0.43062562,-0.7536501,0.27632838,851.79486,1075.0183,781.685,906.99634,852.6007,-0.1580810546875,0.060791015625,0.904541015625,-0.949554443359375,-13.989105224609375,-8.44879150390625,1,1.0,1.0,1.0,1.0,84.86
2020-10-31 19:51:22.593,1.1685067,1.5246015,0.81240743,1.0300051,0.6966643,0.30440146,0.66958576,0.9735464,1.0459636,0.49201676,0.5061325,0.81553376,0.34743932,0.14733365,0.20915867,0.65021116,0.19804052,-0.41735873,-0.8821029,0.27632838,824.7985,1132.2344,909.81683,805.8608,1156.4103,-0.01025390625,0.13067626953125,0.98260498046875,-6.69921875,7.835693359375,4.91973876953125,1,2.0,1.0,1.0,2.0,84.86
2020-10-31 19:51:23.614,1.1685067,1.5246015,0.81240743,1.0300051,0.6966643,0.30440146,0.66958576,0.9735464,1.0459636,0.49201676,0.5061325,0.81553376,0.34743932,0.14733365,0.20915867,0.65021116,0.19804052,-0.41735873,-0.8821029,0.27632838,748.24176,1384.4689,952.1245,703.5165,1107.2528,0.2176513671875,0.07666015625,1.01531982421875,-7.79083251953125,-12.224578857421875,3.66363525390625,1,2.0,1.0,1.0,2.0,84.81
2020-10-31 19:51:23.682,,,,,,,,,,,,,,,,,,,,,,,,,,,,,,,,,,,,,,/muse/elements/blink
2020-10-31 19:51:23.682,,,,,,,,,,,,,,,,,,,,,,,,,,,,,,,,,,,,,,/muse/elements/jaw_clench
2020-10-31 19:51:23.847,,,,,,,,,,,,,,,,,,,,,,,,,,,,,,,,,,,,,,/muse/elements/blink
2020-10-31 19:51:24.289,,,,,,,,,,,,,,,,,,,,,,,,,,,,,,,,,,,,,,/muse/elements/blink
2020-10-31 19:51:24.620,1.1685067,1.5246015,0.81240743,1.0300051,0.6966643,0.30440146,0.66958576,0.9735464,1.0459636,0.49201676,0.5061325,0.81553376,0.34743932,0.14733365,0.20915867,0.65021116,0.19804052,-0.41735873,-0.8821029,0.27632838,718.4249,817.5458,857.03296,776.8498,1184.2124,0.00726318359375,0.11859130859375,0.9813232421875,-2.4224853515625,4.47113037109375,5.136566162109375,1,2.0,4.0,1.0,2.0,84.81
2020-10-31 19:51:25.637,1.1685067,1.5246015,0.81240743,1.0300051,0.6966643,0.30440146,0.66958576,0.9735464,1.0459636,0.49201676,0.5061325,0.81553376,0.34743932,0.14733365,0.20915867,0.65021116,0.19804052,-0.41735873,-0.8821029,0.27632838,773.22345,899.7436,842.52747,857.03296,1164.4689,0.0076904296875,0.10906982421875,0.9979248046875,-2.026214599609375,0.7476806640625,1.12152099609375,1,2.0,1.0,1.0,2.0,84.81
2020-10-31 19:51:26.125,,,,,,,,,,,,,,,,,,,,,,,,,,,,,,,,,,,,,,/muse/elements/jaw_clench
2020-10-31 19:51:26.659,1.1685067,1.5246015,0.81240743,1.0300051,0.6966643,0.30440146,0.66958576,0.9735464,1.0459636,0.49201676,0.5061325,0.81553376,0.34743932,0.14733365,0.20915867,0.65021116,0.19804052,-0.41735873,-0.8821029,0.27632838,770.40295,839.707,817.1429,817.1429,1198.3151,0.00885009765625,0.10540771484375,0.9954833984375,-2.8411865234375,3.768310546875,1.772003173828125,1,2.0,1.0,1.0,2.0,84.81
2020-10-31 19:51:27.235,,,,,,,,,,,,,,,,,,,,,,,,,,,,,,,,,,,,,,/muse/elements/blink
2020-10-31 19:51:27.665,1.1685067,1.5246015,1.2318212,1.0300051,0.6966643,0.30440146,1.0505488,0.9735464,1.0459636,0.49201676,0.21226656,0.81553376,0.34743932,0.14733365,0.08303239,0.65021116,0.19804052,-0.41735873,-0.52819514,0.27632838,833.2601,796.1905,823.5897,861.06226,1156.0073,-0.01043701171875,0.10791015625,0.9879150390625,-2.265472412109375,1.1962890625,2.474822998046875,1,2.0,1.0,1.0,2.0,84.81
2020-10-31 19:51:28.673,1.1685067,1.5246015,1.0096174,1.0300051,0.6966643,0.30440146,0.73124504,0.9735464,1.0459636,0.49201676,0.59217864,0.81553376,0.34743932,0.14733365,0.1319403,0.65021116,0.19804052,-0.41735873,-0.5620203,0.27632838,826.8132,830.4396,818.7546,830.0366,1058.0952,-0.02032470703125,0.1072998046875,0.99993896484375,-1.7645263671875,3.09539794921875,0.844879150390625,1,2.0,1.0,1.0,2.0,84.81
2020-10-31 19:51:29.676,1.1685067,1.0843524,1.0639617,1.0300051,0.6966643,0.6440808,0.33511207,0.9735464,1.0459636,0.40481305,0.5499198,0.81553376,0.34743932,-0.044141382,0.014599479,0.65021116,0.19804052,-0.49126107,-0.42771208,0.27632838,868.71796,873.95605,859.85345,886.04395,1229.3407,-0.031005859375,0.09649658203125,0.979736328125,-3.887939453125,2.91595458984375,1.48040771484375,1,2.0,1.0,1.0,2.0,84.81
2020-10-31 19:51:30.680,0.9793676,0.9532804,0.99241143,1.1598353,0.4986609,0.3066287,0.1397359,0.41176045,1.061928,0.39782298,-0.020137887,0.9458369,0.48747984,0.039186288,0.0068112123,0.6323512,0.2906754,-0.4456308,-0.39840636,0.45654777,827.2161,847.3626,876.3736,859.0476,1222.0879,-0.0411376953125,0.09600830078125,0.9869384765625,-2.534637451171875,2.79632568359375,1.57012939453125,1,1.0,1.0,1.0,1.0,84.81
2020-10-31 19:51:31.687,1.270899,0.9430632,1.1480507,1.0454195,0.4360782,0.059238818,0.3793833,0.59807944,1.2365215,0.15227588,-0.18779698,1.4556291,0.5874482,-0.061210476,0.18695359,0.5965549,0.20960484,-0.58197963,-0.3458925,0.25881445,846.9597,863.8828,877.98535,847.3626,1052.0513,-0.1688232421875,0.1259765625,0.96142578125,-2.474822998046875,8.246917724609375,1.36077880859375,1,1.0,1.0,1.0,1.0,84.81
2020-10-31 19:51:32.702,1.465014,1.3262522,1.0007111,1.2539418,0.5126283,0.57498974,0.35352483,0.66535026,1.1693166,0.24058846,0.40848762,1.4556291,0.64012784,-0.089868866,-0.035998855,0.5894709,-0.055435345,-0.5376068,-0.37021765,0.2502705,836.08057,829.2308,884.0293,859.0476,1134.249,-0.1549072265625,0.131103515625,0.96734619140625,-3.581390380859375,-0.43365478515625,1.951446533203125,1,1.0,1.0,1.0,1.0,84.81
2020-10-31 19:51:33.707,1.2293969,1.1052653,0.96101326,1.0606964,0.5842278,0.5345363,0.4995262,0.6102836,1.2519912,0.25361726,0.47689483,1.3039776,0.6280348,-0.16199882,0.109979704,0.6300669,0.29000187,-0.431622,-0.22785975,0.3465441,829.6337,837.28937,857.03296,855.82416,1177.3627,-0.07135009765625,0.1229248046875,0.993896484375,-1.42059326171875,0.2392578125,0.844879150390625,1,1.0,1.0,1.0,1.0,84.80
2020-10-31 19:51:34.709,0.98056734,0.75465137,1.0903566,0.9518952,0.784443,0.2544038,0.3911787,0.60722655,1.3662802,0.2505761,0.38502592,1.3577701,0.60811806,-0.07556256,0.05711021,0.6455558,0.5283849,-0.37186965,-0.06527742,0.6473015,782.49084,827.2161,833.2601,771.6117,1037.9487,-0.0618896484375,0.118896484375,0.99517822265625,-2.58697509765625,2.878570556640625,1.158905029296875,1,1.0,1.0,1.0,1.0,84.80
2020-10-31 19:51:35.717,1.1934166,0.77551776,0.65650636,1.25765,0.9597221,0.2050257,0.24742357,0.7110823,1.2863818,0.24066463,0.35732558,1.3366507,0.6913619,-0.07674314,0.16687219,0.6079282,0.67275053,-0.26608747,0.04711233,0.8001983,817.1429,857.4359,846.55676,792.96704,938.8278,-0.06402587890625,0.119384765625,0.97918701171875,-1.89910888671875,1.727142333984375,1.60003662109375,1,1.0,1.0,1.0,1.0,84.80
2020-10-31 19:51:36.721,1.0410452,0.4903981,0.105722256,0.9419348,0.35590768,-0.09065473,0.093274824,0.30491665,1.2298473,-0.1485867,0.18436585,0.9473836,0.44869193,-0.21358123,-0.4512782,0.4995077,0.3052906,-0.5684811,-0.62887526,0.1820993,825.2015,858.6447,849.7802,841.31866,1006.9231,-0.05419921875,0.1258544921875,0.98870849609375,-1.727142333984375,1.80938720703125,0.994415283203125,1,1.0,1.0,1.0,1.0,84.80
2020-10-31 19:51:37.727,1.04529,0.3557014,0.15613443,0.8926157,0.2292313,-0.39648715,-0.39140725,0.4727395,1.2367941,-0.20605025,-0.044015266,1.1379694,0.38012114,-0.31142247,-0.3802466,0.5890007,0.34178355,-0.55067563,-0.34964907,0.4373411,817.9487,856.63007,853.8095,792.1612,919.89014,-0.06561279296875,0.1256103515625,0.98345947265625,-2.73651123046875,2.549591064453125,1.667327880859375,1,1.0,1.0,1.0,1.0,84.80
2020-10-31 19:51:38.747,1.049646,0.25377053,0.39653546,0.5755037,0.23067786,-0.7012354,0.10736509,0.58673,1.0967919,-0.07782057,-0.09662727,1.0990046,0.40086967,-0.31908816,-0.22998767,0.71339136,0.29349762,-0.5580993,-0.27853668,0.5683187,837.6923,866.7033,851.79486,840.10986,1173.3334,-0.06927490234375,0.1290283203125,0.98724365234375,-2.811279296875,1.772003173828125,1.55517578125,1,1.0,1.0,1.0,1.0,84.80
2020-10-31 19:51:39.768,0.92856497,0.30969626,0.40860865,0.7675355,0.2802023,-0.2850245,-0.005260411,0.52530515,0.85441893,-0.0588704,-0.067883566,0.79562753,0.3661087,-0.26489475,-0.4053819,0.6224366,-0.12018449,-0.6245876,-0.7737432,0.15109958,829.2308,866.7033,859.0476,822.381,963.8095,-0.067138671875,0.12762451171875,0.98748779296875,-2.549591064453125,2.6019287109375,3.4991455078125,1,1.0,1.0,1.0,1.0,84.80
2020-10-31 19:51:40.770,1.0697503,0.43146962,0.38992056,0.9567457,0.3173386,-0.44686708,-0.40783128,0.45919135,0.91088605,0.017877871,-0.0033715256,1.2136631,0.3685084,-0.40425408,-0.35809377,0.5291424,0.17867611,-0.4504401,-0.6643542,0.20993605,836.4835,869.5238,865.09155,835.6777,1001.28204,-0.03912353515625,0.13458251953125,0.9871826171875,-2.086029052734375,0.94207763671875,0.7177734375,1,1.0,1.0,1.0,1.0,84.80
2020-10-31 19:51:41.776,0.71543974,0.6340522,0.6294606,1.0590857,0.63582,-0.47738373,-0.32060775,0.52727044,1.5127088,0.3920743,-0.11571574,1.4095753,0.7502189,-0.22764376,-0.28606755,0.5189137,0.35883307,-0.4648289,-0.67274505,0.30358067,826.0073,868.315,869.5238,852.6007,988.3883,-0.0333251953125,0.12921142578125,0.98614501953125,-2.9010009765625,2.639312744140625,1.936492919921875,1,1.0,1.0,1.0,1.0,84.80
2020-10-31 19:51:42.798,0.79501057,0.31184807,0.24470885,0.92963475,0.8081183,-0.17342307,-0.13935255,0.59645456,1.7025987,0.45281246,0.28872082,1.5758328,0.8049418,-0.2815506,0.16814983,0.9002757,0.50731516,-0.35329357,0.30160013,0.7611441,812.71063,864.2857,881.6117,806.26373,1252.3077,-0.03131103515625,0.12371826171875,0.98675537109375,-1.57012939453125,2.504730224609375,-0.01495361328125,1,1.0,1.0,1.0,1.0,84.80
2020-10-31 19:51:43.803,0.655295,0.105657496,0.08768457,0.5954034,0.600374,-0.17935672,-0.17183214,1.0155314,1.2946291,0.118258804,0.34109193,1.5624266,0.4190374,-0.2904324,0.26450026,0.77928394,0.31014568,-0.29344955,0.49341062,0.7382144,827.2161,870.32965,871.9414,829.2308,1027.8755,-0.03399658203125,0.1273193359375,0.99151611328125,-1.084136962890625,1.891632080078125,1.263580322265625,1,1.0,1.0,1.0,1.0,84.77
2020-10-31 19:51:44.807,0.6500057,0.18381268,-0.1211844,0.4145995,0.6644629,-0.29889464,-0.5926737,0.8296321,1.2972903,0.068777174,-0.005085399,1.5374353,0.4056668,-0.40978837,-0.584286,0.3914515,-0.004033585,-0.8319973,-0.6839268,0.103667736,846.9597,867.9121,863.0769,847.76556,1124.5787,-0.0384521484375,0.11981201171875,0.981201171875,-2.758941650390625,1.0467529296875,0.13458251953125,1,1.0,1.0,1.0,1.0,84.77
2020-10-31 19:51:45.809,0.19355483,0.12171635,-0.32516134,0.31244692,0.3012363,-0.36172295,-0.63134986,0.2838404,1.2665322,-0.26549327,-0.26384863,1.2843845,0.31079343,-0.533814,-0.47892496,0.34454945,-0.04643096,-1.060154,-0.9230922,-0.064797215,838.49817,857.8388,871.53845,840.9158,1089.1208,-0.04541015625,0.12823486328125,0.9893798828125,-2.28790283203125,2.392578125,1.472930908203125,1,1.0,1.0,1.0,1.0,84.77
2020-10-31 19:51:46.822,0.30635783,0.2839254,-0.5981795,0.2618931,0.3340086,-0.08585691,-0.55288947,0.26863816,1.2546988,-0.064600445,-0.20317766,1.3168958,0.1943971,-0.5055625,-0.49699393,0.28985244,-0.057467036,-0.87065697,-1.0671371,-0.021867353,826.4103,863.0769,863.0769,826.0073,1023.44324,-0.03314208984375,0.1285400390625,0.98870849609375,-2.1533203125,1.79443359375,2.220611572265625,1,1.0,1.0,1.0,1.0,84.77
2020-10-31 19:51:47.839,0.31604218,0.044755384,-0.3217691,0.3761451,0.091746055,-0.4537122,-0.7272465,0.19759221,1.0840472,-0.03420178,-0.23818952,1.2985067,0.32267162,-0.3358764,-0.424005,0.280243,0.029496597,-0.73964614,-0.787194,0.002339856,834.0659,861.8681,864.68866,840.5128,1163.663,-0.0477294921875,0.12420654296875,0.986572265625,-3.3795166015625,2.788848876953125,1.3458251953125,1,1.0,1.0,1.0,1.0,84.77
2020-10-31 19:51:48.862,0.2809045,-0.16735741,-0.31623363,0.48806491,0.4822775,-0.55986387,-0.6860612,0.4584138,1.1346275,-0.31368068,-0.39269996,1.2180674,0.35214648,-0.32194835,-0.38850105,0.37672415,-0.050951853,-0.6035831,-0.78909415,-0.060011122,846.1539,866.7033,868.71796,845.7509,1126.5934,-0.04962158203125,0.12872314453125,0.98455810546875,-1.143951416015625,2.31781005859375,1.592559814453125,1,1.0,1.0,1.0,1.0,84.77
2020-10-31 19:51:49.865,0.115859896,-0.17107652,0.50307775,0.15741992,0.3575996,-0.680867,-0.35750124,0.5171174,1.1576236,-0.36178,-0.3616405,1.2620833,0.36378658,-0.29035923,-0.41873288,0.35116205,-0.09177685,-0.5035535,-0.7611343,0.102858834,832.4542,876.3736,865.09155,842.1245,1242.2344,-0.0372314453125,0.13226318359375,0.98760986328125,-3.506622314453125,2.041168212890625,0.85235595703125,1,1.0,1.0,1.0,1.0,84.77
2020-10-31 19:51:50.871,0.07692083,0.71183014,0.50819933,-0.13278435,0.08415532,0.26138943,-0.37697923,0.24607381,0.8650182,0.8190052,-0.4434483,1.2643636,0.30575946,-0.0058782687,-0.45603392,0.34597802,-0.15044634,-0.42711517,-0.8519991,0.07342275,832.0513,873.5531,865.89746,831.2454,929.9634,-0.03143310546875,0.13787841796875,0.99102783203125,-1.158905029296875,2.093505859375,1.1065673828125,1,1.0,1.0,1.0,1.0,84.77
2020-10-31 19:51:51.888,-0.0428873,1.083058,-0.39611748,-0.270145,-0.103712,0.7132773,-0.66121215,-0.049676742,0.4714881,0.99770886,-0.54315156,0.6130755,0.29865444,0.13386561,-0.7406472,0.08217348,-0.13088745,-0.43069646,-0.9391535,-0.14839216,832.0513,868.71796,860.2564,837.6923,1251.5018,-0.03582763671875,0.1282958984375,0.989013671875,-1.801910400390625,2.43743896484375,1.435546875,1,1.0,1.0,1.0,1.0,84.77
2020-10-31 19:51:52.894,-0.18515396,-0.24629718,-0.5046576,-0.031421762,-0.045457173,-0.21862735,-0.6496056,0.35733745,0.5799883,-0.20857863,-0.373831,0.35122943,0.233993,-0.5365376,-0.68666685,0.08315689,-0.31228775,-0.86140805,-0.9067109,-0.13416608,834.87177,870.32965,858.24176,845.34796,1201.9414,-0.0382080078125,0.1331787109375,0.991943359375,-1.62994384765625,2.093505859375,1.368255615234375,1,1.0,1.0,1.0,1.0,84.77
2020-10-31 19:51:53.905,-0.21282034,-0.3582362,-0.77652824,0.15066384,-0.07775452,-0.91082907,-0.8079669,0.20524153,0.6237403,-0.21739818,-0.24295062,0.9528487,0.18400954,-0.4465128,-0.56755894,0.2965877,-0.15588011,-0.72687715,-0.7928624,-0.0560154,840.10986,863.0769,864.68866,842.9304,1054.8718,-0.0438232421875,0.1324462890625,0.9881591796875,-2.041168212890625,1.9439697265625,1.57012939453125,1,1.0,1.0,1.0,1.0,84.73
2020-10-31 19:51:54.935,0.4372575,-0.26400048,-0.55168396,0.55680203,0.0010527185,-0.7066893,-0.7284054,0.26788577,1.0057555,0.21730767,-0.10222661,1.0034599,0.25282177,-0.3361677,-0.43699464,0.4055045,0.025952974,-0.6236539,-0.7291617,-0.038434654,830.0366,864.68866,861.4652,836.08057,1182.6007,-0.03887939453125,0.12725830078125,0.9832763671875,-1.18133544921875,2.310333251953125,1.293487548828125,1,1.0,1.0,1.0,1.0,84.73
2020-10-31 19:51:55.942,0.6030336,-0.08369156,-0.42478856,0.54496914,0.18088607,-0.5430118,-0.57880366,0.1271717,1.2584811,0.32671613,0.067360826,0.9475182,0.31325087,-0.29101932,-0.47034952,0.34134647,-0.106683515,-0.744292,-0.8408162,-0.035063446,846.1539,864.2857,861.06226,848.5714,983.1502,-0.04766845703125,0.12109375,0.98992919921875,-2.22808837890625,2.160797119140625,1.7047119140625,1,1.0,1.0,1.0,1.0,84.73
2020-10-31 19:51:56.953,0.31281623,-0.22855401,-0.36758244,-0.12373148,0.59906495,-0.41329464,-0.58545923,0.43232426,1.6889098,0.1076271,-0.36733222,1.4068336,0.20700099,-0.41709974,-0.55158377,0.26769924,-0.21467711,-0.7768961,-0.8472688,-0.1180018,859.45056,866.30035,860.65936,852.6007,943.2601,-0.04376220703125,0.12005615234375,0.986328125,-2.340240478515625,2.691650390625,1.353302001953125,1,1.0,1.0,1.0,1.0,84.73
2020-10-31 19:51:57.984,0.39174163,-0.052028723,0.23247555,0.29052407,0.6779296,-0.17147677,-0.45919487,0.7441612,1.6841406,0.22340015,-0.026375165,1.4899882,0.24269857,-0.23347786,-0.44285727,0.28674182,0.0072302003,-0.4806575,-0.48044187,0.19346392,908.60803,964.21246,858.6447,893.69965,949.707,-0.01300048828125,0.12371826171875,0.98193359375,-3.282318115234375,-2.220611572265625,-7.484283447265625,1,1.0,1.0,1.0,1.0,84.73
2020-10-31 19:51:58.993,0.554815,0.06638498,1.0769644,0.42527336,0.52765614,-0.22911742,-0.25035438,0.99543035,0.9574118,0.179521,-6.2275986E-4,1.3648058,0.2389592,-0.023137923,-0.33508274,0.43370977,0.19870842,-0.22820434,-0.36044398,0.43049526,845.34796,943.2601,863.0769,873.5531,1106.044,-0.00787353515625,0.14129638671875,0.991943359375,-4.104766845703125,1.09161376953125,1.5850830078125,1,1.0,1.0,1.0,1.0,84.73
2020-10-31 19:51:59.731,,,,,,,,,,,,,,,,,,,,,,,,,,,,,,,,,,,,,,/muse/elements/blink
2020-10-31 19:51:59.998,0.57875216,0.11853341,0.85233295,0.37877154,0.56300795,-0.2915811,0.090170324,0.9976904,0.8874683,0.15996313,0.031188175,1.2639161,0.26455677,0.015793713,-0.45560527,0.4849211,0.22222675,-0.1825328,-0.5090614,0.46036637,844.94507,856.2271,875.9707,834.4689,907.3993,-0.0379638671875,0.14459228515625,0.99005126953125,-2.534637451171875,4.074859619140625,0.201873779296875,1,1.0,1.0,1.0,1.0,84.73
2020-10-31 19:52:01.001,0.57875216,1.3479418,1.2134776,0.37877154,0.56300795,0.65722644,0.48905218,0.9976904,0.8874683,0.15379274,0.08183254,1.2639161,0.26455677,-0.11145599,-0.48400337,0.4849211,0.22222675,-0.59254754,-0.57319313,0.46036637,888.46155,841.7216,861.8681,893.2967,1001.28204,-0.04681396484375,0.13458251953125,0.9822998046875,-2.43743896484375,2.5421142578125,2.669219970703125,1,2.0,1.0,1.0,2.0,84.73
2020-10-31 19:52:01.039,,,,,,,,,,,,,,,,,,,,,,,,,,,,,,,,,,,,,,/muse/elements/blink
2020-10-31 19:52:02.019,0.57875216,1.285691,0.6926918,0.37877154,0.56300795,0.46774384,0.35749903,0.9976904,0.8874683,0.090201855,-0.06225612,1.2639161,0.26455677,-0.2894765,-0.4251133,0.4849211,0.22222675,-0.76433444,-0.74036324,0.46036637,843.3333,852.6007,865.09155,839.707,1185.0183,-0.043212890625,0.14208984375,0.985595703125,-2.489776611328125,2.295379638671875,0.95703125,1,2.0,1.0,1.0,2.0,84.73
2020-10-31 19:52:03.029,-0.088654,0.9013857,0.3580019,-0.21061835,-0.14297917,0.3179325,0.027945483,-0.35561293,0.24837041,0.17660956,-0.21954185,0.16669275,0.28426093,-0.14658873,-0.4850732,0.33804786,-0.060486335,-0.8381728,-0.8208473,-0.19313015,841.31866,851.39197,865.4945,822.7839,953.73627,-0.03887939453125,0.14178466796875,0.9786376953125,-3.09539794921875,2.325286865234375,0.85235595703125,1,1.0,1.0,1.0,1.0,84.73
2020-10-31 19:52:04.047,-0.14995727,0.4128196,0.54544103,-0.14845812,-0.054732643,-0.3979791,-0.16169707,0.043386884,0.6252688,-0.13137312,-0.035915,0.69254196,0.30849323,-0.33521527,-0.4484884,0.41709697,-0.057829835,-0.7651982,-0.7867301,-0.32072094,848.97437,855.0183,847.76556,844.1392,1227.326,-0.033935546875,0.15203857421875,0.98834228515625,-1.54022216796875,0.9869384765625,2.5421142578125,1,1.0,1.0,1.0,1.0,84.69
2020-10-31 19:52:04.502,,,,,,,,,,,,,,,,,,,,,,,,,,,,,,,,,,,,,,/muse/elements/blink
2020-10-31 19:52:05.069,-0.19924505,0.57748896,0.95847344,-0.03148488,0.03878872,-0.015047944,0.32838523,0.26628432,0.6186512,-0.07957843,0.32135615,0.69254196,0.30978003,-0.52774626,-0.4221633,0.43235654,-0.09250336,-0.57896644,-0.95489323,-0.2145126,939.2308,936.4103,996.4469,919.89014,1228.9377,0.0155029296875,0.1964111328125,1.12335205078125,7.40203857421875,-8.0450439453125,-23.245391845703125,1,1.0,1.0,1.0,1.0,84.69
2020-10-31 19:52:06.076,-0.19924505,0.7044965,1.2624525,-0.03148488,0.03878872,0.16480038,0.64495426,0.26628432,0.6186512,-0.09701713,0.27864292,0.69254196,0.30978003,-0.44440633,-0.5271701,0.43235654,-0.09250336,-0.46843794,-0.96187437,-0.2145126,815.9341,855.42126,858.24176,793.36993,1058.4982,0.00286865234375,0.18902587890625,0.88958740234375,0.01495361328125,-9.01702880859375,-0.231781005859375,1,2.0,1.0,1.0,2.0,84.69
2020-10-31 19:52:07.084,-0.19924505,0.8625149,1.2624525,-0.03148488,0.03878872,0.0472548,0.64495426,0.26628432,0.6186512,-0.20955466,0.27864292,0.69254196,0.30978003,-0.4139655,-0.5271701,0.43235654,-0.09250336,-0.49545074,-0.96187437,-0.2145126,893.69965,664.0293,633.00366,873.95605,1094.762,0.0687255859375,0.17779541015625,0.9932861328125,-14.871368408203125,14.176025390625,3.2000732421875,1,2.0,1.0,1.0,2.0,84.69
2020-10-31 19:52:08.118,-0.19924505,0.8625149,1.2624525,-0.03148488,0.03878872,0.0472548,0.64495426,0.26628432,0.6186512,-0.20955466,0.27864292,0.69254196,0.30978003,-0.4139655,-0.5271701,0.43235654,-0.09250336,-0.49545074,-0.96187437,-0.2145126,861.8681,832.8571,830.0366,851.79486,1018.20514,0.07373046875,0.08148193359375,0.9844970703125,-7.237548828125,1.45050048828125,6.871185302734375,1,2.0,1.0,1.0,2.0,84.69
2020-10-31 19:52:08.944,,,,,,,,,,,,,,,,,,,,,,,,,,,,,,,,,,,,,,/muse/elements/blink
2020-10-31 19:52:09.138,1.3567833,0.8625149,0.8052976,-0.03148488,0.76837087,0.0472548,0.14261857,0.26628432,0.8317552,-0.20955466,0.28134385,0.69254196,0.46769485,-0.4139655,-0.27911568,0.43235654,0.23036207,-0.49545074,-0.70073116,-0.2145126,838.0952,825.6044,927.9487,859.45056,966.2271,0.0926513671875,0.128662109375,1.07379150390625,6.377716064453125,9.383392333984375,8.03009033203125,1,1.0,1.0,1.0,1.0,84.69
2020-10-31 19:52:10.143,1.2715597,0.8625149,0.6847857,-0.03148488,0.664781,0.0472548,0.28799334,0.26628432,0.56648344,-0.20955466,0.22164117,0.69254196,0.43697682,-0.4139655,-0.31597346,0.43235654,-0.03354995,-0.49545074,-0.72767675,-0.2145126,829.6337,846.1539,863.8828,820.7692,929.15753,0.02349853515625,0.18133544921875,0.97613525390625,-7.035675048828125,4.418792724609375,6.078643798828125,1,1.0,1.0,1.0,1.0,84.69
2020-10-31 19:52:11.147,1.2715597,0.8625149,0.6322054,-0.03148488,0.664781,0.0472548,0.3674167,0.26628432,0.56648344,-0.20955466,0.19947328,0.69254196,0.43697682,-0.4139655,-0.34218076,0.43235654,-0.03354995,-0.49545074,-0.7385011,-0.2145126,866.30035,932.7839,936.8132,847.76556,942.0513,0.27496337890625,0.167724609375,1.01837158203125,4.658050537109375,-17.906951904296875,12.658233642578125,1,1.0,1.0,1.0,1.0,84.69
